id,"value",active,created_at
1,"サイクリングロード",t,2024/6/4 17:30
2,"エスプレッソマシン",t,2024/6/4 17:30
3,"トレジャーハント",t,2024/6/4 17:30
4,"クラウドコンピューティング",t,2024/6/4 17:30
5,"ぽってり唇",t,2024/6/4 17:30
6,"肩こり解消マッサージ",t,2024/6/4 17:30
7,"ホイップ泡洗顔",t,2024/6/4 17:30
8,"開運グッズ",t,2024/6/4 17:30
9,"肩甲骨ストレッチ",t,2024/6/4 17:30
10,"文化財保護",t,2024/6/4 17:30
11,"シェフの気まぐれサラダ",t,2024/6/4 17:30
12,"ムーンライトパレス",t,2024/6/4 17:30
13,"エメラルドハーバー",t,2024/6/4 17:30
14,"グレイスフルヘブン",t,2024/6/4 17:30
15,"道",t,2024/6/4 17:30
16,"哀愁",t,2024/6/4 17:30
17,"別れ",t,2024/6/4 17:30
18,"夜空",t,2024/6/4 17:30
19,"思ひ出ぽろぽろ",t,2024/6/4 17:30
20,"涙",t,2024/6/4 17:30
21,"故郷",t,2024/6/4 17:30
22,"虹",t,2024/6/4 17:30
23,"風",t,2024/6/4 17:30
24,"旅",t,2024/6/4 17:30
25,"桜の舞う街",t,2024/6/4 17:30
26,"東京ラプソディ",t,2024/6/4 17:30
27,"夏の陽炎",t,2024/6/4 17:30
28,"四季折々の風景",t,2024/6/4 17:30
29,"大都会の密室",t,2024/6/4 17:30
30,"雨音のメロディ",t,2024/6/4 17:30
31,"夜桜の誘惑",t,2024/6/4 17:30
32,"海辺の秘密",t,2024/6/4 17:30
33,"街角の恋模様",t,2024/6/4 17:30
34,"雨降って地固まる",t,2024/6/4 17:30
35,"二兎を追う者は一兎をも得ず",t,2024/6/4 17:30
36,"馬の耳に念仏",t,2024/6/4 17:30