id,"theme","active","created_at","created_by"
1,"読んだだけでワクワクする冒険物語のタイトル","  t","2024/6/4 17:29","gpt"
2,"ファンタジーの世界に出てきそうな魔法の呪文","t","2024/6/4 17:29","gpt"
3,"未来の夢のガジェット","t","2024/6/4 17:29","gpt"
4,"異世界の市場で見つけた不思議なアイテム","t","2024/6/4 17:29","gpt"
5,"見たこともない新しいスポーツ","t","2024/6/4 17:29","gpt"
6,"神秘的な森に隠された場所","t","2024/6/4 17:29","gpt"
7,"架空の国の首都名","t","2024/6/4 17:29","gpt"
8,"魔法学校で学ぶ科目","t","2024/6/4 17:29","gpt"
9,"タイムトラベル先の時代名","t","2024/6/4 17:29","gpt"
10,"空想の動物園にいる一番珍しい動物","t","2024/6/4 17:29","gpt"
11,"未来都市のユニークな地名","t","2024/6/4 17:29","gpt"
12,"異世界の空に浮かぶ島","t","2024/6/4 17:29","gpt"
13,"架空の海の中にある都市","t","2024/6/4 17:29","gpt"
14,"幻想的な夜空に現れる星座","t","2024/6/4 17:29","gpt"
15,"古代文明の神秘的な遺跡","t","2024/6/4 17:29","gpt"
16,"未来の学校で学ぶ新しい教科","t","2024/6/4 17:29","gpt"
17,"伝説のヒーローが持つ武器","t","2024/6/4 17:29","gpt"
18,"異次元の図書館にある本のタイトル","t","2024/6/4 17:29","gpt"
19,"未来の食べ物","t","2024/6/4 17:29","gpt"
20,"一度は泊まってみたい旅館","t","2024/6/4 17:29","gpt"
21,"行ってみたい架空の観光地","t","2024/6/4 17:29","gpt"
22,"新しい野球チーム名","t","2024/6/4 17:29","gpt"
23,"新作のボードゲームのタイトル","t","2024/6/4 17:29","gpt"
24,"新しくオープンした遊園地のアトラクション","t","2024/6/4 17:29","gpt"
25,"人気が出そうなバンド","t","2024/6/4 17:29","gpt"
26,"インスタ映えする新メニュー","t","2024/6/4 17:29","gpt"
27,"新進気鋭のファッションブランド","t","2024/6/4 17:29","gpt"
28,"新しくオープンした温泉施設","t","2024/6/4 17:29","gpt"
29,"次のシーズンのテレビドラマのタイトル","t","2024/6/4 17:29","gpt"
30,"新しいエクササイズ器具","t","2024/6/4 17:29","gpt"
31,"オリジナルのアイスクリームフレーバー","t","2024/6/4 17:29","gpt"
32,"人気のアイドルグループ","t","2024/6/4 17:29","gpt"
33,"独自のエナジードリンク","t","2024/6/4 17:29","gpt"
34,"オシャレな文房具メーカー","t","2024/6/4 17:29","gpt"
35,"特別な日のための香水の名前","t","2024/6/4 17:29","gpt"
36,"高級チョコレートの種類","t","2024/6/4 17:29","gpt"
37,"子供向けのアニメキャラクター","t","2024/6/4 17:29","gpt"
38,"話題のユーチューブチャンネル","t","2024/6/4 17:29","gpt"
39,"一風変わった居酒屋","t","2024/6/4 17:29","gpt"
40,"新種のフルーツ","t","2024/6/4 17:29","gpt"
41,"未来の電気自動車モデル","t","2024/6/4 17:29","gpt"
42,"特徴的なクラフトビール","t","2024/6/4 17:29","gpt"
43,"エキサイティングなテーマパークのアトラクション","t","2024/6/4 17:29","gpt"
44,"観光ガイドブックのタイトル","t","2024/6/4 17:29","gpt"
45,"フィクションのベストセラー小説のタイトル","t","2024/6/4 17:29","gpt"
46,"エレガントなジュエリーブランド","t","2024/6/4 17:29","gpt"
47,"未来の家電製品","t","2024/6/4 17:29","gpt"
48,"人気演歌歌手の新曲タイトル","t","2024/6/4 17:29","gpt"